fecha_construccion,precio,superficie,habitaciones,ba√±os,localidad,vendido
2019-02-12,380484,285,5,2,Michaelshire,N
2019-06-19,131637,250,2,2,Spencerberg,N
2015-07-15,990501,276,2,2,Port Travismouth,N
2021-01-09,480063,214,3,2,Knightview,N
2018-02-18,669980,240,1,1,Mistyville,S
2020-09-01,880636,262,1,3,Shawnfurt,N
2015-02-23,995652,285,5,1,West Linda,N
2015-03-03,789228,404,2,2,North Marybury,N
2018-12-08,254374,112,1,2,Loveshire,N
2019-01-29,393430,137,5,2,Jonathanmouth,S
2021-01-26,857706,90,1,1,Deleonchester,S
2016-01-30,841671,121,2,2,Jordanfurt,N
2017-02-20,263145,69,2,3,North Anthony,S
2018-01-12,907966,357,4,3,North Dawn,N
2015-09-24,932579,475,3,3,Bakerchester,N
2013-07-13,964003,58,3,3,Wardstad,S
2018-10-12,313751,341,5,2,Port Billy,S
2013-02-24,761252,323,1,1,New Travis,N
2013-02-22,218928,284,2,3,Joneschester,S
2019-10-21,529834,246,2,2,Michaelchester,N
2016-02-28,656914,402,5,2,New Austinstad,S
2020-07-22,309948,409,4,1,Port Jimhaven,N
2013-06-19,167622,286,2,2,Elizabethchester,N
2013-04-13,192213,442,2,3,Sabrinafort,S
2019-08-29,874664,144,3,3,Rowemouth,N
2020-06-22,430274,415,1,1,East Barbara,N
2021-04-22,349281,335,1,3,Joannaborough,N
2014-03-27,632241,142,5,2,Ericachester,N
2014-05-24,749578,137,5,3,Lake Laura,S
2021-10-04,540726,130,3,2,Lake Stacymouth,N
2015-12-29,413035,252,3,2,Curtisview,N
2013-10-12,887174,311,1,2,Davisville,S
2013-02-02,473788,179,4,3,Shawbury,S
2018-07-13,494028,159,4,3,East Derrickport,S
2017-12-03,564019,73,2,2,Lake Terry,S
2020-04-04,535822,338,2,1,Ninashire,N
2018-01-16,560052,341,3,1,Hopkinsfurt,S
2014-01-14,607758,425,1,3,Jillmouth,N
2017-10-02,442470,491,1,1,Marthaton,S
2017-10-06,459744,453,1,3,West Jonathan,S
2018-08-29,978602,387,4,3,West Tracy,S
2019-05-12,136339,232,4,2,East Michael,N
2015-01-19,341205,425,5,3,Michelemouth,N
2013-01-24,337349,412,1,1,Jasminberg,N
2017-08-22,696743,235,1,3,Guzmanchester,S
2020-11-05,763694,153,5,3,Port Sueborough,N
2013-02-08,432723,321,5,1,East Benjamin,N
2018-05-25,906301,289,1,2,Port Richard,S
2019-06-29,232389,226,5,2,Browningstad,S
2014-02-03,600069,59,2,2,Rodriguezland,N
2020-10-31,830104,386,4,1,South Morganshire,N
2013-06-16,137245,346,2,3,Ronaldmouth,S
2015-01-06,572680,416,1,3,South Ronniechester,S
2019-06-07,698274,446,1,1,North Kristinaside,S
2016-06-12,706407,159,1,2,Smithfurt,N
2016-10-26,120530,79,4,2,Lake Brianport,N
2013-05-03,640507,138,3,3,North Elizabeth,S
2012-12-30,645208,260,4,3,Michellemouth,N
2020-06-21,795649,311,3,3,Mollyton,N
2021-03-13,809310,155,4,2,Huangmouth,N
2021-08-16,656014,244,2,3,Christinestad,S
2018-01-28,724271,229,5,1,West Shaneland,N
2020-08-08,111726,209,2,3,West Kennethfort,S
2017-03-26,656560,199,4,3,Powerstown,N
2020-06-06,866300,126,3,3,South Beth,S
2016-06-07,909341,154,5,3,Port Carolyn,S
2018-06-15,891484,257,4,1,East Robert,N
2015-10-16,667809,151,2,1,Erinport,N
2016-03-04,581300,204,4,1,East Kelly,N
2014-05-22,970296,477,2,2,Port Charlesberg,N
2021-09-30,633970,249,4,3,West Peter,S
2014-09-27,865023,76,1,2,East Kristen,N
2020-06-08,949029,124,4,1,New Samanthaside,S
2014-05-20,800456,500,3,2,New Beckybury,N
2015-08-20,779864,179,4,2,Karlaburgh,N
2021-04-04,256687,70,1,2,Daniellechester,N
2019-08-27,941765,147,1,2,Suzannemouth,N
2016-08-27,921737,363,2,1,Smithview,N
2018-07-22,726954,205,3,2,East Josephmouth,N
2019-03-22,369200,210,3,3,Choichester,N
2021-07-07,974523,54,1,2,Brendaburgh,S
2019-09-19,534741,53,1,1,West Courtney,S
2015-05-30,984945,132,3,2,Matthewside,N
2017-03-13,216113,81,5,2,Brownmouth,S
2019-11-08,866379,313,4,2,Leeberg,S
2016-04-10,304817,198,2,2,East Douglas,S
2017-03-05,778314,465,1,1,Johnsontown,N
2014-08-23,178730,179,3,3,Port Dustinfurt,N
2021-09-04,338159,419,1,2,Lopezfort,N
2013-01-19,491979,201,1,2,East Robert,S
2014-12-05,819448,120,1,1,East Kelly,N
2012-11-27,555945,384,5,1,Davidsonfurt,N
2016-05-23,267559,495,1,2,Reyesport,N
2021-01-24,981327,241,2,2,Waltonbury,N
2015-09-11,537490,248,1,2,Christopherborough,S
2019-09-16,667783,200,5,1,Ferrellland,S
2015-01-29,297836,201,4,1,Sarahhaven,N
2016-07-14,713481,271,2,1,Paulamouth,S
2020-05-24,198390,173,5,1,North Carolfurt,N
2019-11-23,969978,435,2,3,Lauramouth,S
2020-09-10,516681,249,1,2,North Kennethfort,S
2015-05-06,466791,244,4,3,Lake Karenville,N
2018-11-26,457870,171,4,2,Port Alexisfurt,N
2020-09-30,255357,442,4,2,Jillview,S
2017-06-24,755770,358,5,2,Fisherland,N
2012-12-26,870956,60,1,2,West Apriltown,N
2013-09-23,502211,171,3,3,Tammyshire,S
2017-05-14,797764,346,2,2,New Sarahport,N
2013-03-12,509281,181,4,2,Leslieburgh,S
2020-07-13,159935,334,1,1,Port Jonathan,S
2021-07-18,559401,477,3,3,West Kayla,S
2019-05-21,826960,366,1,3,Matthewstad,N
2018-04-11,585737,314,5,1,Lake Staceyview,N
2016-05-04,860005,438,4,3,Andrewville,N
2017-12-10,912649,245,2,3,Gonzalezport,N
2016-08-19,727363,61,1,3,Lake Stevenberg,S
2013-06-19,281642,212,3,2,North Christopherville,N
2017-11-07,275080,101,3,3,North Jeremyfort,N
2020-06-01,849098,328,2,1,East Robertchester,S
2015-03-02,704971,227,4,3,Sarahburgh,N
2018-03-02,787670,161,2,1,West Cherylberg,N
2020-06-10,901538,303,5,1,Ortegaberg,N
2019-11-21,607133,108,5,3,Robertsstad,S
2016-12-02,479557,190,5,1,South Cynthiaton,S
2018-10-19,601315,252,1,1,Michealberg,N
2012-11-10,134867,406,5,3,South Roy,N
2014-02-23,532153,463,3,3,West Joseburgh,S
2017-08-09,519605,169,1,1,Tylermouth,S
2015-08-16,382981,418,3,3,Dixonport,S
2018-07-31,380665,421,4,1,Julieshire,S
2019-08-25,839468,118,5,2,Michaelshire,N
2014-07-24,101936,92,3,2,Mccormickland,N
2018-01-09,634895,425,4,2,Lake Anthonymouth,S
2019-12-20,459643,498,4,2,Moniqueborough,N
2019-09-17,128659,261,1,3,New Courtneyport,S
2018-07-06,257923,241,4,3,South Matthewmouth,S
2019-12-11,692578,209,2,2,Lake Bradley,N
2013-04-09,437267,60,4,1,Lawsonburgh,S
2017-11-27,344459,297,5,1,East Robertville,N
2013-04-29,669298,374,5,2,West Ryanburgh,N
2014-03-27,327149,493,2,3,Port Troy,S
2020-06-09,116804,342,2,2,Chadburgh,S
2018-12-08,662275,471,5,1,Michellechester,S
2015-04-24,621482,389,4,1,Stevenchester,S
2020-04-06,158875,251,3,1,North Johnny,S
2019-07-10,641990,190,1,3,East Kimville,N
2017-04-03,805963,279,4,1,Brianfort,S
2013-04-26,653574,226,2,3,East Edward,N
2019-02-27,842243,140,3,1,Lindsayfurt,S
2018-03-22,997499,152,4,1,Gregoryshire,S
2015-08-29,290964,488,2,2,West Jeremy,N
2015-12-23,916127,263,4,2,Ashleymouth,N
2019-10-16,881666,495,5,2,Chasehaven,N
2017-10-15,452991,340,5,2,Krausefort,N
2015-04-27,347465,435,5,1,Shaunmouth,N
2018-02-02,265339,430,4,3,South Cindy,N
2014-05-21,296367,79,2,3,Danielstad,N
2014-02-10,555400,188,1,2,Brandonside,S
2016-03-31,246457,234,2,2,Lake Douglas,N
2012-12-04,145805,350,4,3,Nathanstad,N
2021-03-20,995269,392,3,3,West Kimberly,N
2018-06-12,823963,103,1,3,Anthonyborough,S
2018-04-17,224962,311,2,1,Coxville,N
2017-11-10,682109,123,2,1,Mclaughlinmouth,N
2019-11-16,166015,336,5,2,East Jennifer,N
2021-05-26,752745,224,2,1,Phyllisborough,S
2018-04-07,132688,234,5,1,Butlerborough,S
2020-12-22,948478,237,1,1,Greerchester,N
2019-09-19,931306,125,1,2,Johnnyshire,S
2017-08-09,555251,227,5,1,Lake Jonathanbury,N
2021-08-19,568565,420,2,3,Bruceton,N
2013-03-16,438025,484,3,1,East Johnny,S
2018-01-10,682175,210,4,3,West Michelle,S
2014-02-04,441039,180,1,1,Melanieton,N
2017-11-16,995613,106,3,2,Simsfort,N
2018-05-13,763447,441,5,2,Berryfurt,S
2020-08-31,900901,471,3,3,South Davidberg,S
2014-08-09,978103,151,4,2,Alejandrohaven,N
2021-07-29,987454,62,2,2,Lake Anthony,S
2013-10-22,399547,476,2,1,Amyhaven,N
2017-07-02,577736,275,5,3,East Ashley,N
2017-11-01,858260,289,3,1,New Lisaview,N
2013-01-15,679139,148,1,1,Lynchfort,N
2018-01-29,853254,97,2,1,Lindashire,N
2014-03-17,235618,160,3,3,North Mitchell,N
2021-09-22,553997,303,4,3,Jillburgh,S
2015-03-01,552625,392,2,2,Victoriastad,N
2018-12-23,553552,250,3,3,South John,S
2012-10-27,874225,205,2,3,Kimhaven,N
2021-02-10,195912,337,4,2,Port Jenniferton,N
2021-01-29,866357,225,4,3,Pattersonton,N
2012-11-12,876771,341,4,2,East Linda,S
2016-05-10,106818,460,1,1,Klineside,N
2020-02-28,272658,373,3,1,Briantown,S
2014-11-02,171495,401,1,2,Andersonmouth,S
2019-01-21,747507,241,4,1,East James,N
2021-02-11,332541,65,4,2,Carolineside,N
2015-04-30,845884,407,1,2,New Roger,S
2021-05-09,858949,251,5,2,South Laurieton,N
2016-05-18,736573,215,4,2,Amytown,S
2019-07-02,875307,272,5,2,East Jeanport,S
2020-12-10,294680,297,2,2,Emilymouth,S
2014-05-30,965581,228,5,2,Mccartyside,N
2013-10-16,851348,138,1,1,Elizabethtown,N
2015-04-01,913315,71,5,3,Lake Michele,N
2021-05-30,165542,203,4,2,Jamesmouth,N
2013-03-26,551197,302,4,2,Vickiborough,S
2018-12-25,899373,439,3,3,Stevefort,S
2013-04-13,984984,292,4,3,East Donaldmouth,S
2018-11-24,962696,144,4,1,North Paulashire,N
2015-04-19,979310,312,3,1,Lake Christopher,N
2020-02-23,646810,303,4,2,Michaelland,N
2016-04-02,507599,50,1,3,Lake Stephanie,S
2021-09-22,587267,210,5,1,Brianton,N
2018-05-26,445913,354,1,1,East Loriberg,N
2015-09-02,708967,97,2,1,Rossborough,N
2017-09-15,531980,481,3,3,South Chelseaburgh,S
2017-10-30,321122,442,4,3,New Stephen,S
2018-03-05,313697,200,3,2,West Crystalhaven,S
2013-06-29,121888,420,3,3,Schwartzberg,S
2021-09-05,771785,165,5,2,Williamsview,N
2013-09-09,991519,370,5,1,Port Nathan,S
2017-11-30,823711,58,1,3,Jonathanton,N
2014-05-08,848626,437,1,3,Rachelborough,S
2019-07-30,212800,160,5,1,South Taylorbury,S
2019-03-02,517348,473,1,3,South Evan,S
2013-12-09,196565,473,1,3,Smithborough,S
2013-03-13,600216,219,1,2,Mindystad,S
2016-06-04,551798,259,4,1,Williamborough,N
2020-10-15,213741,308,4,3,New Christopher,N
2020-09-11,771964,201,1,1,Douglasmouth,N
2018-01-21,895240,92,3,1,North Bryanfurt,S
2017-04-24,625540,336,4,2,Chandlerborough,S
2020-01-14,193541,272,3,1,West Bryan,S
2017-07-14,396032,334,5,3,East Chelsea,N
2015-09-20,626539,319,4,1,Charlesside,N
2020-07-22,819469,130,2,1,Carlosville,S
2015-04-29,266164,279,1,2,New Michael,S
2014-10-06,695194,57,3,3,New Julie,S
2014-05-25,161900,201,3,2,Port Katherine,S
2014-04-18,318990,329,1,3,Lake Jason,N
2020-03-05,944853,336,3,2,Lake Linda,S
2016-11-02,639547,271,5,3,Andrewbury,N
2020-08-20,871534,344,5,3,Port Jasmin,N
2021-06-08,712747,245,1,1,Jasonhaven,S
2014-04-18,957071,233,1,1,Lake Brittany,S
2018-11-26,491137,92,5,2,South Michael,S
2019-11-15,986168,210,3,2,East Davidport,S
2020-11-01,387424,190,3,3,Lake Davidside,S
2018-06-13,555799,110,4,1,South Patriciaborough,S
2013-08-30,716306,240,1,3,North Stephen,N
2018-09-17,954977,207,2,3,South Linda,N
2013-10-27,986583,412,5,1,North Edward,N
2016-02-09,716953,472,5,3,Lake Tamaraville,N
2015-01-15,301134,144,2,1,Hornchester,N
2013-12-31,286336,231,5,1,Whiteshire,S
2015-03-06,804586,342,2,1,South Scottstad,S
2018-11-09,490892,451,4,3,Port Denniston,S
2019-04-21,652200,103,5,2,Julieport,N
2016-12-07,803468,52,1,2,Ruizside,N
2015-07-18,991455,250,5,3,West Maryberg,N
2016-12-16,423409,81,5,2,West Kristintown,S
2012-11-11,923551,419,1,1,Tammyton,N
2014-02-27,102770,297,3,1,New Jessica,S
2020-01-11,165527,203,4,2,West Jesus,N
2015-04-15,714506,440,4,2,Douglasview,N
2020-03-27,806331,95,2,1,East Sheila,S
2016-01-09,556868,499,3,1,Rayside,S
2016-08-14,430824,116,1,2,Tylerside,S
2020-10-20,848459,146,1,2,Catherineview,N
2018-06-26,695593,387,1,2,Howellberg,N
2017-03-28,730159,358,4,2,Port Karla,N
2016-08-24,652088,309,1,3,Frostport,N
2018-08-23,841744,323,4,2,East Samuel,N
2018-10-04,950810,372,1,1,Port Steventon,S
2018-03-23,250886,240,1,1,Hartmanland,S
2016-06-22,835407,242,2,3,Andreaberg,S
2017-04-07,531188,456,5,3,Murphyburgh,S
2021-09-03,175303,342,4,2,West Karen,N
2020-11-29,815127,267,1,3,South Mistyton,S
2019-02-11,267232,356,1,1,Tuckerland,S
2018-10-19,509669,95,2,3,East Connor,N
2013-12-19,632840,476,3,2,Lake Kathleen,S
2017-10-13,491324,304,2,3,North Melanie,N
2019-08-24,295717,344,2,2,West John,N
2018-03-02,177188,178,1,3,Joyville,S
2015-07-25,115501,86,5,2,New Michaelbury,S
2017-09-11,691684,181,1,3,West Michelleberg,N
2014-03-03,895799,411,5,2,Howardfort,S
2016-03-19,274113,84,3,2,Tuckerfurt,N
2013-09-30,560124,499,1,2,North Joseph,S
2015-08-20,115288,210,4,2,Charlesfort,N
2015-05-09,431031,421,5,1,Claudiafort,S
2019-12-12,519561,137,1,2,Shawnshire,N
2014-11-08,513371,176,4,2,Lake Michaelburgh,N
2018-10-16,442076,299,5,1,Port Jose,S
2014-12-06,366456,59,1,2,Wallacefort,N
2012-12-15,947214,240,1,2,Millerberg,S
2018-08-22,733256,162,3,2,Davidtown,N
2018-09-13,242160,464,1,2,Castilloburgh,N
2012-12-06,275908,189,4,2,Samanthaland,S
2016-12-04,682155,316,3,3,Haysshire,N
2018-05-16,151553,458,2,3,North Kristi,N
2020-09-23,544016,435,1,3,East Scott,S
2021-02-25,387844,310,4,3,Lake Davidshire,S
2021-07-23,625770,491,5,1,Lake Steven,S
2019-04-01,986356,495,2,1,East Ronniemouth,S
2020-05-14,729036,462,4,3,Jonburgh,N
2018-10-24,690303,244,5,2,New Mariestad,S
2015-04-10,207394,72,5,3,Angelaberg,N
2018-06-12,171683,256,3,1,Roachchester,N
2014-02-10,730245,154,5,3,South Brendafort,N
2016-12-24,978387,199,5,3,Lake Gregory,N
2017-05-25,404448,109,2,2,New David,S
2017-02-02,602710,305,4,3,Thompsonhaven,N
2018-09-08,832391,59,4,1,East Rebeccastad,S
2020-04-30,631584,295,2,3,Port Christinamouth,N
2017-03-07,606332,449,2,1,South Janet,S
2019-08-01,396141,67,4,2,Pratthaven,N
2014-01-23,793621,483,5,1,Barneschester,N
2020-01-17,702521,430,4,2,East Amanda,S
2019-10-19,430077,446,2,2,New Justin,S
2016-12-10,896548,136,4,3,North Danielchester,N
2014-10-06,655065,412,1,2,Mullinshaven,N
2012-12-06,467850,276,2,3,Joshualand,S
2016-09-09,379880,173,5,1,Gloverton,S
2016-11-11,722148,490,5,1,North Shannon,N
2021-04-19,871445,374,2,3,North Williamburgh,N
2018-03-30,409968,298,3,3,Timothyland,N
2021-06-05,863513,276,2,2,Lancemouth,S
2013-09-12,234500,92,2,2,Georgetown,N
2020-07-24,373117,271,2,2,Port Rachel,S
2016-01-17,350014,215,4,1,Christopherborough,S
2016-03-30,617409,139,5,3,Karenshire,S
2019-02-21,312655,188,1,3,Judystad,S
2019-06-19,364620,283,2,1,Rossburgh,S
2014-06-21,872489,372,3,2,East Victoriaville,S
2018-04-20,764942,270,3,2,Williamshire,S
2015-08-18,911211,128,1,1,South Timothyside,S
2013-04-29,499361,390,4,1,Welchtown,S
2018-12-08,545727,405,5,2,New Alexis,S
2018-08-12,780089,228,4,1,South Justin,S
2019-01-11,841441,327,2,2,Hunterchester,S
2012-10-16,443028,180,4,1,North Samuelmouth,N
2017-02-17,756610,468,1,2,Sarahstad,N
2015-05-26,222239,368,5,2,West Bradleyland,N
2015-05-25,737336,362,4,3,New Kathleenland,S
2013-12-01,930330,301,3,1,Port Marcuston,S
2015-08-26,958299,203,2,3,South Elizabeth,N
2016-08-31,143705,360,5,1,North Martinborough,S
2013-05-24,540986,89,4,1,Taylorshire,N
2018-08-07,371066,378,4,3,Jennifertown,N
2013-07-06,560735,346,1,2,Heidiland,N
2020-07-17,976650,471,1,1,Kimfort,S
2020-09-02,802528,240,4,2,New Joannberg,N
2016-06-12,459886,371,2,1,Maysmouth,N
2020-12-20,176356,242,1,2,Washingtonberg,N
2014-06-26,404993,373,4,3,Davisshire,N
2019-07-07,118706,400,2,2,Jacksonborough,S
2020-01-31,123830,179,1,1,Colleenport,N
2013-10-20,284897,367,1,1,South Jennifer,N
2016-12-26,738072,125,1,3,Lake Stephenborough,S
2014-02-13,679546,233,2,1,Cookside,N
2016-03-28,186175,145,4,2,New Kimberlymouth,N
2020-09-23,933336,206,4,2,Thomasville,S
2013-03-01,319155,487,3,2,New Jasonville,N
2019-07-09,786253,204,3,3,North Carl,S
2017-06-22,651740,317,3,1,Acevedoton,N
2019-12-19,968928,194,4,2,New Nathanielburgh,S
2015-11-28,564896,434,1,1,Taylorview,N
2016-06-05,102924,123,2,1,Port Annettestad,N
2018-08-27,226431,237,3,3,Jonathanchester,N
2016-07-17,111464,204,4,1,Hollyville,N
2021-07-18,729537,298,1,1,West Stephanie,S
2017-03-26,220433,475,1,3,Jacobberg,N
2015-09-01,371342,154,4,2,West Elizabethville,S
2013-06-10,265103,286,4,1,Aliciaport,S
2016-12-14,101281,477,4,2,Stephenmouth,S
2013-10-06,596897,138,4,2,Johnsonhaven,S
2021-03-23,556911,315,2,3,Jefferybury,N
2017-01-04,438116,474,1,3,Desireestad,N
2014-05-25,352562,185,4,3,Amandaland,N
2017-07-07,617971,246,1,1,Dayport,S
2020-02-08,368053,68,1,3,Nicoleville,S
2020-01-26,206997,338,4,3,Lake Chadfurt,S
2017-11-29,415799,479,1,1,Connieside,S
2021-02-27,754319,363,4,3,South Danielfurt,S
2015-01-04,105494,183,5,2,Barronmouth,N
2021-09-17,735889,381,4,1,South Robertbury,S
2013-10-09,604183,232,1,1,Kristinfurt,N
2016-09-19,669597,291,1,1,Davistown,S
2018-10-22,491631,337,1,2,Steventown,S
2020-12-09,691867,484,3,2,Jeffbury,S
2021-09-11,571410,141,1,1,Pittmanstad,N
2015-09-17,608823,313,4,2,North Keithstad,N
2021-03-13,393038,185,1,2,West Gabrielfurt,S
2015-12-04,599958,496,1,1,Ballland,N
2021-01-07,237285,362,5,3,Lake Matthew,N
2016-10-12,561854,433,5,3,North Jennifer,S
2013-01-20,641900,178,4,3,Kristinahaven,N
2016-10-30,878441,452,3,1,Pamelaside,N
2013-10-18,341047,300,2,1,North Alexanderhaven,N
2018-04-18,731371,429,1,2,West Michaelport,N
2015-09-14,690050,232,3,3,Riverashire,N
2016-02-02,688966,290,1,3,Roberttown,S
2015-04-13,529046,81,2,3,Vanessaburgh,N
2019-07-10,809638,199,3,2,South Kristinside,N
2014-12-23,722663,310,5,3,Lake Crystalbury,N
2019-02-20,982832,448,5,2,Port Toddmouth,S
2019-06-19,294942,100,2,1,Wayneland,S
2017-11-18,640225,321,5,1,North Rita,S
2017-03-07,842328,313,3,3,Gravesberg,S
2017-02-04,805472,494,1,3,East Ronald,N
2021-04-30,233314,151,4,1,Adamfort,N
2020-04-24,515647,192,4,3,Bauerbury,N
2013-01-12,811490,343,5,3,Jessicafort,N
2021-09-07,480820,410,3,2,Riceton,S
2015-11-29,554759,114,4,1,Richardhaven,N
2017-08-08,302152,260,5,3,Alvarezberg,S
2019-01-23,744471,108,5,2,Mikeberg,S
2015-08-16,613300,263,1,3,Lake Sue,N
2014-12-09,890594,441,2,2,North Brian,S
2019-01-29,164202,100,3,2,Williamport,N
2014-05-27,773255,349,5,2,Patriciamouth,S
2020-05-04,514237,412,1,2,Lisaview,N
2017-04-23,183025,116,3,1,Timothyburgh,N
2018-08-31,678338,180,5,1,Port Adamside,N
2020-02-27,688236,292,5,2,Lake Justinhaven,S
2018-12-25,238322,492,5,3,New Kimberlyland,S
2016-06-02,379096,78,3,3,Stoutport,S
2014-02-02,947599,338,1,3,Ginaburgh,S
2013-10-22,891456,304,3,2,Berryhaven,S
2019-10-15,962643,497,3,1,New Hannah,N
2021-02-15,745962,403,1,3,Adkinsmouth,N
2019-09-26,175720,107,3,2,New Karenmouth,S
2020-09-15,164809,303,5,1,East Meagan,S
2015-01-14,946080,344,2,2,New Jerry,N
2020-10-03,579083,218,4,2,Alexanderhaven,N
2020-06-12,554814,355,5,3,Abigailfurt,S
2016-01-31,421725,171,1,3,Obrienside,S
2013-07-24,445309,155,3,3,Vincentfort,S
2014-01-15,589219,103,2,1,Port Dylanview,N
2016-01-19,180598,415,3,1,Lake Seanview,N
2015-08-01,439941,221,4,1,Williammouth,S
2015-09-13,127828,365,4,3,Gomezberg,S
2018-06-18,746487,164,2,2,New Michelleport,N
2020-03-18,969286,268,2,2,South Brittany,S
2020-04-23,633341,308,4,1,Jenniferfurt,N
2014-05-28,717194,406,1,2,East Kelly,N
2020-09-22,346489,106,1,2,Michaelabury,N
2020-12-03,857898,333,4,3,Eileentown,S
2017-02-03,321216,367,1,3,Mayoport,N
2018-02-03,413286,76,3,2,South Amyville,S
2014-11-30,625892,201,5,3,Stefanieborough,S
2021-03-28,620269,106,3,3,Port Deborah,S
2016-12-21,195134,81,1,1,West Danielle,N
2019-09-24,196788,240,3,2,Taylorfort,N
2018-04-02,542861,274,3,3,Port Ashley,S
2016-11-07,114698,248,2,1,Port Kimberlybury,S
2020-07-06,324756,141,2,1,West Lanceburgh,S
2014-07-14,791841,162,1,3,New Christinebury,N
2016-07-18,743683,156,4,3,South Wayneside,N
2020-12-06,740983,273,3,2,South Matthew,S
2019-01-04,600163,186,1,3,Martinland,N
2013-08-29,172493,177,3,3,West Joshua,S
2020-01-30,347696,296,4,2,Lake Christopherview,S
2020-03-15,531427,405,5,2,Browningbury,N
2015-11-07,970681,283,1,3,Cynthiamouth,S
2014-06-04,560321,126,4,1,South Melissamouth,N
2013-06-03,354105,191,3,2,Brandontown,S
2017-09-13,754836,118,5,3,Moorefort,N
2013-09-06,665236,110,1,3,Josephmouth,S
2014-09-13,279274,183,1,1,Cobbberg,S
2013-05-14,366393,64,5,1,North Bryan,N
2016-06-11,450724,162,5,2,Wilsonborough,S
2018-05-26,156684,289,1,3,Braunside,S
2015-07-26,305197,301,5,2,Bethborough,S
2020-10-03,953462,253,5,1,Lake Kayla,N
2020-04-19,269268,101,5,1,East Eric,N
2016-06-21,873263,438,1,3,New Ericton,S
2021-02-25,461332,417,2,2,East Kimberlychester,S
2014-11-01,973272,105,1,3,New Angelaton,S
2013-02-08,648989,132,1,3,South Jeffrey,N
2017-04-07,605820,481,1,1,Joseside,S
2016-07-11,524038,99,3,2,East Terry,S
2012-12-19,402318,449,4,1,Tinabury,N
2015-10-22,326712,431,5,3,South Stephaniechester,S
2019-08-29,586289,385,3,2,Matthewview,S
2018-01-28,988215,309,4,1,Maryview,N
2018-04-23,434634,275,3,3,North Tanya,N
2016-12-04,875124,449,5,1,Port Amber,N
2014-12-18,602812,186,2,2,Gardnerburgh,S
2015-04-24,372247,340,2,3,Taylorhaven,S
2017-12-13,667623,59,5,3,New Thomas,S
2013-09-27,221144,284,5,2,East Bradleytown,S
2020-05-20,836068,273,1,3,West Charlestown,N
2020-04-07,729065,192,3,2,Sarahborough,N
2016-09-05,291293,269,4,1,New Mariahville,N
2021-05-08,133336,69,5,3,Curtisland,N
2021-04-13,682172,420,1,1,Kirstenstad,S
2014-09-15,804248,480,3,1,Lake Sharon,S
2019-05-30,355663,432,5,1,Brendanport,N
2015-07-23,209577,415,3,1,Port Jeffrey,N
2015-11-01,109786,87,1,3,South Leonard,S
2014-01-08,210215,158,4,2,New Thomasstad,N
2017-01-06,971599,108,5,1,Amandabury,N
2016-09-23,583882,117,3,1,Rodriguezfort,S
2021-08-17,665759,424,5,3,South Chad,S
2014-09-02,212200,115,5,1,Howechester,S
2021-03-28,123593,176,2,2,Lake Kaitlyn,S
2019-09-25,905726,96,2,2,Johnsonport,N
2014-09-13,138714,134,2,2,Zacharyside,N
2019-10-23,275308,359,3,2,Port Danielville,S
2020-08-12,377773,280,2,3,Mistytown,S
2016-03-30,618165,446,1,1,East Jessicamouth,N
2013-09-16,145955,351,2,3,Port Alfredview,N
2019-04-27,294744,455,1,1,South Michaelside,S
2014-12-05,930241,157,3,1,North Emma,N
2015-01-06,558297,184,5,2,Sandrabury,N
2020-11-13,217723,197,1,1,Melissabury,S
2015-04-19,802843,91,5,3,East Andreatown,N
2019-12-27,727197,255,1,2,West Kaitlinstad,S
2017-03-27,919227,476,4,2,Port Leslie,S
2016-05-20,115942,147,3,2,Scottburgh,S
2017-06-28,119781,280,1,1,Michaelburgh,N
2021-07-12,552609,212,5,2,North Paulhaven,N
2014-08-07,343927,148,5,3,Lake Melindashire,S
2016-09-13,343281,256,3,3,New Alisonburgh,N
2021-09-01,984831,387,1,2,Katrinaview,S
2019-03-30,958919,266,3,2,East Meganborough,N
2020-01-04,466180,106,1,1,Davidfort,S
2014-01-04,480614,424,2,3,East Jimtown,S
2013-07-28,827074,168,3,1,East Jeremy,N
2016-09-17,310075,328,5,1,Meganberg,S
2016-03-25,761735,420,2,3,East James,S
2016-02-07,763171,475,4,2,Willieport,N
2021-05-13,471069,382,5,3,Kiddview,N
2021-07-12,271601,320,2,2,Lisahaven,N
2017-06-10,107463,252,3,2,Jonesport,N
2018-01-03,314075,100,3,1,Port Tracymouth,S
2020-05-05,548705,436,2,1,Lake Matthewport,S
2017-10-25,962822,204,5,1,South Jeffrey,S
2017-01-25,790206,497,1,3,Berryfurt,S
2014-11-19,850169,101,2,2,Josephview,N
2015-04-17,261562,181,3,1,Williamsbury,S
2014-01-10,776849,310,4,2,North Robert,N
2013-03-14,164930,63,2,1,South Angelaport,S
2016-09-25,177492,383,5,1,Christophermouth,S
2020-01-25,471050,73,1,3,Howardfurt,S
2016-02-02,649754,487,4,2,Maryport,N
2017-03-09,595866,166,4,1,Lake Markville,S
2019-07-09,215806,341,3,3,Lake Ashleymouth,N
2019-08-28,922305,384,4,2,Gabrielletown,S
2018-06-17,417791,298,4,2,Lake Jenniferland,N
2016-09-04,822043,413,5,3,Robertbury,N
2015-07-13,953526,259,1,1,South Brianborough,S
2014-09-25,174654,117,4,2,South Timothyborough,N
2019-12-11,547351,414,3,1,Ashleyview,S
2021-04-08,258246,151,4,2,Loriview,N
2018-05-07,389295,357,5,3,Cortezstad,S
2015-01-07,649482,257,5,3,Tonyaview,N
2013-03-10,232192,111,1,1,South Ashley,S
2016-02-24,401988,67,4,1,Karenbury,N
2019-04-08,494099,401,5,1,West Carmen,S
2018-05-01,689221,58,2,2,New Robertside,S
2013-12-23,736099,473,1,2,Lake James,S
2016-12-05,718763,181,2,1,Brandonchester,S
2019-06-25,855462,307,2,2,Dwaynetown,N
2018-11-07,486222,325,1,3,Barnesmouth,S
2020-08-15,892336,255,2,2,New Stephanie,S
2016-06-03,719550,177,2,1,Washingtonhaven,S
2014-08-30,918987,437,5,3,Carlastad,N
2020-10-25,472386,445,4,3,Holmesfort,N
2020-01-20,624190,58,4,1,West Derek,S
2021-04-10,426776,334,3,3,New Bradleytown,N
2018-12-19,137579,384,3,2,Johnsonside,S
2020-11-21,381280,357,3,2,Kylemouth,S
2013-08-24,177462,378,3,2,East Elijah,S
2018-07-08,961717,488,3,2,West Heather,N
2016-01-22,441074,218,3,1,East Robertland,N
2014-07-10,515606,80,3,2,Brookefort,N
2017-11-24,275364,480,2,2,Jonesburgh,N
2018-11-04,968996,129,1,1,Pottston,S
2021-03-06,365429,487,2,2,Port Cheryl,N
2020-03-22,591762,469,4,1,Frankview,S
2016-06-28,443677,372,1,3,Sullivantown,N
2021-04-07,642474,423,1,3,Monicafort,N
2018-05-29,742684,423,1,3,West Jasonside,S
2015-05-15,233564,232,5,2,Jennifertown,N
2014-02-15,944190,175,5,3,North Aimeeside,N
2021-06-16,500223,302,3,2,Dunnport,S
2017-06-29,188043,298,1,3,East Keithmouth,S
2014-02-04,271927,208,4,3,Martinfort,N
2019-08-29,202760,482,3,2,North Melissatown,N
2016-09-15,723928,66,4,3,South Victoria,S
2018-03-11,667979,284,2,1,Evansmouth,N
2017-06-03,645031,259,4,2,Chavezview,N
2019-08-18,148201,276,1,1,Lake Brendaville,S
2020-01-03,397844,488,1,2,North Amanda,N
2013-12-02,831981,206,1,2,Williamsville,N
2015-04-05,790187,151,5,2,West Evan,N
2018-08-10,479007,239,3,3,Angelaville,S
2015-01-16,164261,102,4,1,North Michelle,S
2021-05-29,869848,395,3,3,East Thomas,N
2015-01-19,692038,409,5,3,New Josephchester,N
2018-04-06,384296,191,5,2,South Kathrynport,S
2018-08-20,364280,390,1,1,Millerstad,S
2016-09-14,988026,178,4,2,West Melissa,N
2016-11-23,669857,277,2,3,Toddchester,N
2013-02-01,660754,345,5,3,Griffinhaven,N
2021-07-03,692421,145,3,2,North Maryshire,S
2018-09-09,585549,459,3,3,South Michelleport,S
2019-07-26,644695,441,1,3,West Whitney,S
2017-06-08,291137,154,5,3,East Ryan,S
2020-12-17,322592,366,2,1,Lake Joe,S
2014-08-20,800098,293,3,2,West John,S
2014-03-20,836078,192,1,1,East Shawnfurt,N
2017-03-06,331962,98,2,1,South Zacharyfort,N
2013-05-25,104096,480,5,1,Randolphfurt,N
2013-06-27,183453,88,4,2,Lake Bruce,S
2016-08-10,980825,470,2,3,Jessicaton,N
2018-03-11,478961,471,2,1,Michaeltown,N
2018-09-18,649078,465,3,3,New Wendy,N
2020-07-31,694881,343,4,2,South Janet,N
2013-09-29,769058,487,4,2,South Jenniferfurt,S
2013-04-19,680833,423,5,2,North Adam,N
2012-12-13,358589,244,1,1,Odommouth,N
2020-12-29,927678,378,5,2,South Audreyhaven,S
2017-03-03,944126,135,4,3,Saramouth,N
2021-01-16,220153,171,5,3,Wallshire,S
2013-08-09,421048,333,4,2,Thompsonmouth,N
2019-12-11,351671,305,1,1,Romeroside,S
2014-09-13,577735,242,5,3,Port John,N
2014-08-26,105349,171,5,2,Fergusontown,S
2015-07-22,782025,447,3,3,Juliefort,N
2021-04-14,314508,493,2,3,Danielberg,S
2016-01-03,696051,355,3,1,Johnsonport,N
2015-08-06,817619,61,5,1,East Robertfurt,N
2017-06-24,218724,125,2,2,South Jessicaborough,S
2020-06-18,991663,234,2,1,South Coryshire,N
2014-01-03,634537,248,4,2,North Christianchester,S
2020-12-19,249216,226,3,3,South Elizabeth,S
2013-11-01,622245,213,4,3,Herreraport,N
2013-07-09,271999,396,2,1,Cobbmouth,S
2015-03-11,386639,226,4,3,North Denisetown,S
2015-04-25,714147,484,2,2,Bowersberg,S
2020-08-11,933052,335,2,2,Garciaville,N
2017-03-15,121036,278,3,3,Rogerstown,N
2016-04-28,551384,480,4,1,South Loriside,S
2017-07-10,289819,414,1,3,Pattonfort,N
2014-03-28,660447,198,5,1,Bairdtown,S
2015-03-09,542588,117,5,1,North Jeremy,S
2016-12-19,403320,498,5,2,Lake Amanda,S
2020-07-28,392847,251,3,3,East Micheleland,S
2016-07-15,110596,113,4,3,Jasonbury,N
2018-02-05,495481,81,3,1,West Barbara,N
2015-07-06,514501,196,3,2,Ginachester,N
2012-10-26,555419,104,5,2,East Robert,S
2017-04-06,402542,134,2,3,South Lindsey,S
2012-12-29,582970,181,4,2,Turnerstad,S
2013-10-18,360309,248,2,2,Chadport,S
2015-09-17,869276,270,2,1,Harrishaven,N
2015-01-25,403529,427,5,3,Clarktown,N
2020-09-03,988771,86,2,1,West Robert,S
2013-07-23,948750,230,2,1,Lake Cody,N
2020-08-26,735854,97,3,1,West Josephstad,S
2018-09-11,279340,309,4,1,Lake Jane,N
2017-04-02,622448,240,1,1,Beardtown,S
2020-03-03,888979,395,2,2,Jamesland,S
2019-02-13,861213,81,1,2,South Joshua,S
2013-08-03,919710,183,3,3,Prattborough,S
2013-10-11,868449,346,4,1,Jefferyside,S
2017-11-25,276106,305,5,2,North Andrea,S
2019-07-23,830201,314,2,2,Barbarashire,N
2014-10-12,866879,221,1,2,Lake Jennifermouth,N
2015-08-09,386407,463,2,1,East Jamesmouth,N
2018-12-27,503050,324,2,3,Shawnchester,N
2014-06-26,311585,352,1,1,New Nathanielberg,N
2015-12-15,225606,393,1,2,Lisaland,N
2020-04-10,773112,160,3,3,Knappview,N
2019-09-25,383092,321,5,2,West Arthurmouth,S
2020-07-21,317701,118,4,3,West Teresahaven,S
2015-02-19,869233,205,3,2,Smithton,S
2020-11-09,557004,196,1,1,Lake Elaine,N
2018-05-11,602770,175,4,3,South Benjaminview,S
2018-10-22,957537,87,1,3,Brendanland,N
2016-10-08,975107,200,1,3,Mackport,N
2013-02-19,223014,351,3,1,Hillberg,S
2021-04-29,822592,242,2,3,Larryside,S
2016-07-24,320505,294,5,3,Robertburgh,S
2019-02-17,271187,247,1,2,West Denisebury,N
2015-12-08,329539,167,3,2,Port Lucas,N
2015-11-05,726768,276,1,1,Angelamouth,N
2015-03-09,466568,401,1,1,North Danielton,N
2016-06-14,214327,108,4,1,Collinston,N
2018-08-23,589607,108,3,3,West Rebecca,S
2020-06-26,946768,239,3,2,Maciasside,S
2014-10-07,499640,500,4,1,Vaughnshire,S
2013-07-18,277118,195,3,3,Andrewmouth,N
2021-09-07,332922,495,4,2,Thomasburgh,N
2015-03-17,529982,204,2,2,East Ginachester,S
2021-10-04,757452,245,2,1,Masonport,S
2015-08-24,400524,387,3,2,Annestad,N
2019-11-03,914364,105,5,2,Lake Phyllisview,N
2018-03-15,343792,264,3,3,Victoriaside,N
2019-10-09,313425,340,3,2,Alexanderborough,N
2020-05-23,808374,121,2,3,East John,S
2015-06-22,734782,224,2,1,Burnsborough,S
2019-05-28,523945,256,2,3,Riveramouth,S
2014-05-02,469397,50,5,3,South Aliciaport,N
2019-12-30,605089,96,2,1,Acevedoberg,N
2013-06-19,345827,298,5,2,Davidsonchester,N
2016-05-05,219097,212,2,2,Fisherton,S
2019-11-19,823810,316,4,3,East Jeremiah,N
2019-11-06,629146,220,5,3,West Nicholas,N
2014-10-19,496423,396,4,1,New Sandrachester,N
2021-06-28,213366,428,1,1,East Johnbury,N
2021-03-18,704019,142,2,2,Port Karlamouth,S
2013-10-17,652166,493,3,2,West Edward,S
2017-09-29,207101,301,2,2,North Susan,S
2017-03-11,449803,286,1,2,South Patriciaton,S
2019-07-06,233859,500,1,3,Robinsonside,S
2017-07-13,858818,339,3,2,Codyberg,S
2021-05-18,936241,486,4,3,East Eric,N
2017-09-11,907666,235,2,1,Jacobmouth,S
2016-12-19,117552,63,4,1,Jeremyfurt,N
2014-02-24,781629,59,3,2,Hicksborough,S
2017-03-14,712668,424,3,3,West Fredtown,N
2013-10-31,258359,114,3,2,Victoriaview,N
2018-10-15,526460,77,4,3,Taylorstad,S
2015-06-18,449370,370,1,3,New Nicolestad,S
2020-05-28,361408,319,1,2,New Anthony,N
2017-09-18,141260,248,3,1,Parkerton,N
2013-02-11,747301,129,2,2,Jensenberg,N
2018-11-30,634611,341,2,2,South Andrewburgh,S
2014-11-25,570343,402,2,2,Tonyaport,S
2012-12-30,801744,402,1,3,Howardfort,N
2018-09-17,342695,345,2,1,Tinaville,S
2020-04-28,119465,172,5,2,Lake Natalie,S
2020-07-14,748982,244,4,2,Port Jessicaview,N
2014-07-19,341050,360,4,2,Jeffreyburgh,S
2020-08-10,261586,299,5,1,North Monicaville,N
2018-04-21,462939,107,5,2,Brittanymouth,S
2014-02-11,961654,341,1,3,Lake Deborahberg,N
2015-08-07,872143,387,3,1,Davidtown,S
2013-10-10,978167,195,2,3,Lake Michellestad,N
2020-02-19,575404,298,3,3,West Joseph,N
2020-12-19,195394,162,1,3,Owenstad,N
2015-07-22,739889,125,1,3,Michaelfort,N
2015-04-28,862386,168,3,3,New Amy,N
2014-01-09,727563,290,2,3,Dawnbury,N
2020-04-04,112711,284,5,3,West Jefferyside,N
2019-12-07,386451,408,4,2,Crosbyberg,S
2012-10-25,786553,396,3,1,Hawkinsborough,N
2018-07-13,196482,465,4,3,Devinbury,N
2017-01-27,264561,461,1,3,Harrismouth,N
2018-06-25,463583,138,2,3,West Jamiemouth,N
2014-08-29,881579,79,4,2,Wilsonhaven,S
2019-09-20,805042,196,1,3,Joelhaven,N
2021-07-01,521918,428,1,2,North Karenmouth,S
2018-10-25,201852,225,2,3,Pearsonport,N
2014-05-06,777591,473,5,3,West Matthewmouth,N
2021-04-07,405888,250,2,1,Lake Alyssaview,S
2014-12-17,885993,231,5,1,North Curtismouth,N
2015-11-08,106924,147,3,1,North Autumnview,S
2019-01-07,429933,94,5,1,Port Matthew,S
2021-03-17,835464,451,2,3,North Jamesland,S
2012-11-18,581330,317,1,2,Ronaldmouth,S
2015-02-21,715716,290,1,2,Amandatown,S
2019-03-30,122501,494,3,2,Johnview,N
2018-05-23,292123,472,3,3,North Nicole,N
2017-05-18,410878,256,4,1,Thorntonstad,S
2020-10-23,295602,494,4,1,Contrerasport,N
2020-03-21,437009,79,4,2,Port Jessicaland,S
2016-03-23,566052,151,4,1,Greenshire,S
2014-12-04,825443,100,3,2,Hawkinsmouth,S
2016-12-10,517986,288,3,1,North Vanessafort,N
2014-01-15,105835,306,5,2,Lucasstad,S
2018-07-05,854381,160,3,2,Lake Nicholas,S
2016-08-09,408548,418,4,2,New John,S
2013-12-17,982711,192,5,1,Port Richard,N
2014-01-17,887522,77,2,1,Bakerchester,S
2017-08-04,918587,202,1,3,South Gina,S
2017-03-03,650177,208,5,1,North Judithfurt,S
2021-03-12,448093,158,1,2,Port Suzannetown,N
2015-02-24,789606,313,1,3,Timothyton,N
2015-06-17,789959,358,1,2,Stewartshire,N
2016-08-22,300972,494,4,3,South Markmouth,S
2016-05-01,396439,209,4,2,West Rebeccaborough,S
2019-11-07,438239,64,4,2,West Ashleyborough,S
2018-10-01,150253,274,3,3,Parsonsfort,N
2012-10-30,218936,473,2,1,Tinamouth,N
2018-02-06,942631,142,1,3,East Jeffreyville,S
2019-12-02,324092,98,2,3,Hillport,N
2019-08-13,492924,399,4,3,Jeremychester,N
2018-05-20,497703,341,3,1,North Teresaland,S
2017-06-17,238759,128,4,3,Lake John,N
2014-08-21,423957,377,4,3,New Danielland,S
2017-06-29,344949,498,4,1,Lake Paul,S
2013-11-08,901299,372,3,2,Port Natalie,S
2013-02-09,184085,141,2,3,Lake Roy,S
2019-05-12,707461,442,3,2,Gregoryfurt,S
2016-02-22,681896,188,1,2,Emilyfurt,S
2021-07-24,837911,233,3,3,North Ryanfurt,S
2015-12-08,188634,95,5,2,Ponceberg,N
2013-11-11,209356,214,5,2,Port Christiemouth,N
2015-10-08,221978,366,2,3,North Patrick,S
2014-05-11,231153,73,3,2,Johnsonstad,S
2021-06-08,186447,423,1,1,North Kevin,N
2019-01-18,838390,424,3,3,New Jamesview,S
2015-01-08,809828,175,2,1,Smithview,N
2013-01-10,464901,162,2,1,Briannahaven,S
2016-12-05,700040,400,1,1,East Mark,N
2014-12-04,190913,74,4,1,Kristifort,N
2018-01-22,879537,322,1,3,Wendyshire,S
2013-11-12,466727,135,5,1,Lake Elizabethton,N
2020-11-19,327106,476,3,1,Gatesberg,S
2016-11-06,388833,426,5,1,Joneston,N
2017-03-03,606464,92,2,3,New Jasontown,S
2016-09-27,635012,332,1,3,Lynnberg,N
2019-07-11,481186,284,3,3,Port Williammouth,N
2014-03-10,345688,248,4,1,Fisherburgh,S
2020-01-30,772654,479,3,2,Mezafurt,S
2015-11-07,847433,339,3,3,Stacymouth,N
2017-12-23,194354,99,4,2,Lake Davidchester,S
2020-12-06,241088,84,4,2,Lake Christopherton,N
2012-12-06,582960,164,1,2,Ruizmouth,S
2018-05-15,924148,445,3,2,Garyberg,N
2012-11-04,613498,413,3,1,East Karenfurt,N
2016-08-28,546530,313,1,1,Ashleyside,S
2014-06-02,772257,107,1,3,New Sandra,S
2014-02-26,155182,325,2,3,Marieberg,N
2021-03-29,394574,482,5,3,South Aaronfurt,N
2020-02-07,442936,368,1,1,Millerchester,S
2015-08-06,351429,178,2,1,Port Michaelton,S
2020-10-01,150653,300,3,1,South Shawna,S
2015-02-25,142366,405,4,3,Christyview,N
2016-10-01,414229,169,2,3,New Patrickshire,N
2021-08-20,161838,269,3,1,Jamesborough,S
2020-11-26,813763,88,5,2,New Kimberly,N
2020-05-13,529511,358,3,1,Amyview,N
2019-01-10,746937,455,3,2,Burnsview,S
2018-01-20,811528,168,4,2,Kevinville,S
2020-08-23,892222,362,3,2,North Matthewside,N
2018-03-20,143576,397,4,3,Lake Taylorborough,S
2014-09-18,514581,424,5,3,Lake Julie,S
2020-03-29,909819,203,4,2,Amandaburgh,S
2013-09-07,420124,168,5,2,Rubenchester,N
2014-06-03,957336,80,4,1,Kellyshire,N
2015-09-11,836872,385,3,2,West Holly,N
2015-01-05,783955,494,3,3,Port William,S
2017-06-20,936157,296,5,3,Shawnport,N
2019-04-23,285926,63,3,2,Lake Donald,S
2015-12-28,260374,255,2,3,South Jamesmouth,N
2017-01-31,521825,457,5,3,West Codyport,N
2017-03-12,835295,278,3,3,New Bobbyburgh,S
2018-12-12,265047,63,2,2,West Michaelland,S
2016-01-05,267984,305,4,1,South Eric,N
2019-02-10,409062,282,4,3,East Dustinhaven,S
2015-02-23,231123,139,4,1,East Jennifermouth,N
2021-05-16,120437,281,2,3,Elizabethport,S
2014-11-22,639048,482,3,1,East Kimberly,N
2021-06-18,870960,423,1,1,East Richardborough,N
2020-05-14,636272,337,1,2,West Felicia,S
2019-08-07,456861,256,5,3,Gardnerburgh,S
2014-06-12,281196,65,2,3,Barrytown,S
2019-11-14,565650,122,3,1,Port Andrestown,N
2019-02-17,942058,431,5,1,South Michael,S
2018-01-14,998052,69,5,1,Markberg,S
2020-09-30,968162,172,4,1,Heathermouth,N
2015-03-17,330104,349,4,1,North Lauren,S
2019-03-14,150813,336,5,2,East Frank,N
2020-08-04,947823,67,3,2,Lake Shannon,S
2018-07-02,483788,252,2,1,North Lauraview,S
2017-09-25,548914,216,3,2,Desireeburgh,S
2018-12-22,954519,325,4,3,North Debrastad,S
2013-03-11,270888,388,5,1,New Roger,S
2021-04-05,501135,222,2,2,Lake Raven,S
2013-10-28,313055,353,5,1,Jamieville,N
2015-07-07,144167,491,4,3,Bowenside,N
2014-07-10,999844,214,5,1,Dianefort,N
2013-05-12,359554,96,1,1,West Laurenport,S
2021-10-04,550828,463,3,1,South Davidport,N
2013-09-22,260347,223,5,2,New Raymond,N
2013-11-23,988372,467,3,2,Longtown,N
2015-06-09,391372,425,4,1,Lake Paula,N
2018-05-09,476042,61,4,3,Jesusburgh,S
2018-12-25,641649,349,2,2,South Jeremychester,S
2016-01-10,548075,76,3,3,South Thomas,S
2013-11-10,403617,220,3,3,Wilsonland,S
2013-11-18,379862,372,1,3,West Allisonside,N
2017-03-30,190672,140,2,1,Lake Justin,N
2018-10-19,522266,263,5,1,Port Gary,S
2017-03-18,214448,472,2,2,North Amy,S
2020-01-06,877389,92,3,3,New David,N
2014-02-21,355013,134,2,1,East Juan,S
2021-02-08,139121,156,4,2,North Danielview,S
2021-02-09,304514,308,5,1,Rodriguezport,S
2015-02-28,114424,399,2,2,Maryfort,S
2015-09-14,497128,268,3,3,Lake Michaelport,S
2016-12-16,376344,245,3,1,Zacharybury,S
2019-06-23,357594,119,1,2,Krausebury,S
2020-05-23,408162,395,3,3,East Mary,S
2018-07-28,407650,407,4,3,Lake Antonio,N
2014-09-12,218790,345,1,3,East Courtney,S
2018-05-16,372219,442,5,1,New Brendanmouth,S
2017-05-27,801234,388,5,3,South Kennethchester,N
2018-04-11,955452,234,5,2,North Elizabeth,S
2015-04-03,989403,332,2,2,Michaelfort,S
2020-07-16,648395,125,2,3,South Sarah,S
2019-07-20,661471,258,4,2,Glenton,S
2019-12-19,727548,188,5,1,West Markhaven,N
2021-04-03,631702,281,5,3,Port Dianebury,N
2012-10-21,610879,166,5,2,Port Danielleport,N
2019-02-18,674897,453,5,3,Jamesview,N
2012-10-28,712126,110,5,3,Hardytown,S
2021-03-12,494152,143,4,3,Mikefurt,N
2021-01-25,378930,437,2,1,New Robertton,S
2014-02-11,804513,120,5,3,Chadshire,N
2021-10-10,380352,491,3,1,Smithport,N
2013-11-29,867013,449,5,1,Hubbardfort,N
2014-03-16,968902,247,2,2,Port Rebeccaburgh,N
2013-04-15,183781,315,2,1,Lake Mistyton,N
2014-04-13,123882,253,1,2,West James,N
2021-01-21,820144,269,5,3,Stacybury,N
2018-02-25,271400,52,1,1,South Jessicamouth,S
2017-02-13,875396,206,4,3,South Samuelmouth,S
2017-12-10,738802,251,1,2,Oliverside,S
2021-04-17,806299,152,1,1,Port Taylor,S
2018-11-18,285189,250,2,1,North Keith,N
2019-03-08,659184,473,3,2,Lake Frank,N
2020-09-27,248737,490,1,2,Lesliemouth,S
2020-11-10,544700,218,4,1,Victorhaven,N
2016-11-21,493581,386,5,2,Smithfort,N
2017-04-14,456186,78,3,3,Martinborough,S
2015-12-01,687191,129,2,1,West Lauren,S
2016-11-10,260887,343,4,3,New Josephhaven,S
2017-11-29,984032,381,1,3,Michaelchester,N
2016-06-12,568861,457,5,2,West Jamesshire,S
2014-07-08,842288,59,3,3,East Sarahville,S
2017-12-08,583905,222,3,3,Jasonberg,S
2018-11-04,268466,396,5,3,West David,S
2014-08-30,703836,495,2,1,South Jesseside,S
2020-07-30,507083,234,3,2,Shannonland,N
2016-04-27,250569,277,5,2,North Cassandraside,S
2013-05-08,314615,230,4,1,Dylanstad,S
2017-01-23,257099,253,5,3,Wrightburgh,S
2014-02-03,298936,366,3,2,East Josephville,S
2018-05-04,997508,387,5,3,New Richard,N
2015-01-08,273452,400,1,2,Acostatown,S
2013-09-10,768557,415,1,3,Rickyburgh,S
2020-03-21,376452,214,1,3,West Daniel,S
2021-09-04,602786,385,3,1,Lake Cassieside,S
2016-05-09,552560,371,2,2,Smithhaven,S
2016-12-02,187713,88,1,1,Kylefurt,N
2015-05-25,975620,321,3,3,North Douglasstad,S
2012-10-22,807712,459,2,2,North Darrellborough,N
2012-11-14,535823,469,1,2,East Daniel,S
2016-04-07,807953,346,4,1,New Linda,S
2017-01-22,499582,266,2,3,Martinezchester,S
2017-08-12,340884,452,5,1,West Linda,N
2019-03-02,201182,410,1,1,East Amandaburgh,N
2013-06-30,835771,384,3,3,Ashleyview,N
2020-04-20,732452,80,1,3,Williamsland,N
2017-06-17,501142,250,2,3,Conwayshire,S
2018-10-29,416705,471,1,1,West Jaclynmouth,N
2015-03-10,221185,56,1,3,West Michael,S
2016-09-04,215292,317,3,3,North Josephmouth,N
2021-02-06,539021,178,2,2,Reneeville,N
2019-06-18,640652,314,2,2,Leemouth,N
2013-08-24,399124,335,1,3,North Christopher,N
2014-11-13,193319,477,3,1,Kimberlyville,N
2013-11-17,527651,141,5,2,Chungborough,S
2018-02-15,238847,460,2,3,Bullockshire,N
2016-09-01,236231,363,2,2,Amandamouth,S
2016-09-21,684425,243,4,2,Port John,S
2021-04-23,920094,405,2,3,Cardenasside,N
2017-12-12,988176,379,1,2,New Susanside,N
2012-11-07,132166,304,2,3,East Toni,S
2015-10-25,217473,279,5,3,Lake Timothy,S
2013-07-12,722467,498,5,2,New Zachary,S
2017-11-16,633080,193,5,1,Castilloberg,S
2015-12-10,732257,431,2,2,West Daniel,N
2016-10-28,557903,89,2,2,West Philip,N
2020-05-01,374190,182,4,3,Carloschester,S
2017-05-31,379468,486,3,3,Lake Patrick,S
2016-04-10,195608,63,2,1,Powelltown,S
2017-05-14,493503,179,3,1,South Arielville,S
2020-11-16,362807,296,5,3,Jennifermouth,N
2013-12-08,208233,348,3,3,Josemouth,N
2017-05-19,795770,281,2,1,Brooksport,N
2018-07-25,735875,100,3,2,Adamtown,N
2013-04-17,352184,431,2,2,Riddlefurt,N
2013-09-07,133054,166,3,3,Michaelton,N
2018-07-10,503937,482,4,3,Millsfort,N
2018-08-15,557212,163,4,1,Port Stephanie,S
2015-11-13,180800,154,3,2,Kathleenfort,S
2019-12-24,726134,58,1,2,Laurieshire,N
2015-03-26,203233,128,4,2,Brandyville,N
2018-06-01,327631,348,2,3,Whitetown,N
